{"cameraMode":{"drawMode":0,"name":"Shaded","section":"Shading Mode"},"sceneLighting":true,"audioPlay":false,"sceneViewState":{"m_AlwaysRefresh":false,"showFog":true,"showSkybox":true,"showFlares":true,"showImageEffects":true,"showParticleSystems":true,"showVisualEffectGraphs":true,"m_FxEnabled":true},"in2DMode":false,"pivot":{"x":12.388442039489746,"y":-5.60342264175415,"z":26.64174461364746},"rotation":{"x":-0.08115324378013611,"y":0.04095214605331421,"z":-0.0033429942559450866,"w":-0.9958683848381043},"size":26.997140884399415,"orthographic":false}