{"cameraMode":{"drawMode":0,"name":"Shaded","section":"Shading Mode"},"sceneLighting":true,"audioPlay":false,"sceneViewState":{"m_AlwaysRefresh":false,"showFog":true,"showSkybox":true,"showFlares":true,"showImageEffects":true,"showParticleSystems":true,"showVisualEffectGraphs":true,"m_FxEnabled":true},"in2DMode":false,"pivot":{"x":636.113037109375,"y":12.629413604736329,"z":504.0820617675781},"rotation":{"x":-0.12977546453475953,"y":0.09975217282772064,"z":-0.013126657344400883,"w":-0.9864301681518555},"size":10.305542945861817,"orthographic":false}