{"cameraMode":{"drawMode":0,"name":"Shaded","section":"Shading Mode"},"sceneLighting":true,"audioPlay":false,"sceneViewState":{"m_AlwaysRefresh":false,"showFog":true,"showSkybox":true,"showFlares":true,"showImageEffects":true,"showParticleSystems":true,"showVisualEffectGraphs":true,"m_FxEnabled":true},"in2DMode":false,"pivot":{"x":17.163434982299806,"y":0.8673352003097534,"z":-20.481220245361329},"rotation":{"x":-0.17414893209934236,"y":-0.19991938769817353,"z":0.03616304695606232,"w":-0.9635612368583679},"size":0.9485244750976563,"orthographic":false}