{"cameraMode":{"drawMode":0,"name":"Shaded","section":"Shading Mode"},"sceneLighting":true,"audioPlay":false,"sceneViewState":{"m_AlwaysRefresh":false,"showFog":true,"showSkybox":true,"showFlares":true,"showImageEffects":true,"showParticleSystems":true,"showVisualEffectGraphs":true,"m_FxEnabled":true},"in2DMode":false,"pivot":{"x":17.782855987548829,"y":2.145646095275879,"z":-22.303911209106447},"rotation":{"x":-0.09864393621683121,"y":0.10075081884860993,"z":-0.010008258745074273,"w":-0.9899877905845642},"size":0.9485244750976563,"orthographic":false}