{"cameraMode":{"drawMode":0,"name":"Shaded","section":"Shading Mode"},"sceneLighting":true,"audioPlay":false,"sceneViewState":{"m_AlwaysRefresh":false,"showFog":true,"showSkybox":true,"showFlares":true,"showImageEffects":true,"showParticleSystems":true,"showVisualEffectGraphs":true,"m_FxEnabled":true},"in2DMode":false,"pivot":{"x":35.55245590209961,"y":17.99638557434082,"z":-30.584766387939454},"rotation":{"x":0.15096206963062287,"y":-0.27452653646469118,"z":0.043685879558324817,"w":0.948652446269989},"size":4.715117931365967,"orthographic":false}